"Id","IsDeleted","ParentId","AccountId","Name","IsPrivate","ContentType","BodyLength","BodyLengthCompressed","OwnerId","CreatedDate","CreatedById","LastModifiedDate","LastModifiedById","SystemModstamp","Description","FeedItemId"
"00PE0000002QhIXMA0","0","01tE0000001cQ3hIAE","000000000000000AAA","100 (2).jpg","0","","1280","1035","005E0000001em2EIAQ","2012-12-27 23:17:53","005E0000001em2EIAQ","2012-12-27 23:17:53","005E0000001em2EIAQ","2012-12-27 23:17:53","Image Icon","000000000000000AAA"
"00PE0000002QhSrMAK","0","a07E0000006kqzbIAA","000000000000000AAA","100 (5).jpg","0","","1503","1308","005E0000001em2EIAQ","2012-12-27 23:09:19","005E0000001em2EIAQ","2012-12-27 23:09:19","005E0000001em2EIAQ","2012-12-27 23:09:19","Image Icon","000000000000000AAA"
"00PE0000002QhVvMAK","0","a07E0000006kqyYIAQ","000000000000000AAA","100 (1).jpg","0","","1885","1689","005E0000001em2EIAQ","2012-12-27 23:08:32","005E0000001em2EIAQ","2012-12-27 23:08:32","005E0000001em2EIAQ","2012-12-27 23:08:32","Image Icon","000000000000000AAA"
"00PE0000002QhXbMAK","0","a07E0000006kqzlIAA","000000000000000AAA","100 (7).jpg","0","","1983","1810","005E0000001em2EIAQ","2012-12-27 23:09:36","005E0000001em2EIAQ","2012-12-27 23:09:36","005E0000001em2EIAQ","2012-12-27 23:09:36","Image Icon","000000000000000AAA"
"00PE0000002QhXlMAK","0","a07E0000006kr00IAA","000000000000000AAA","320-2776r1.jpg","0","","5816","5527","005E0000001em2EIAQ","2012-12-27 23:10:27","005E0000001em2EIAQ","2012-12-27 23:10:27","005E0000001em2EIAQ","2012-12-27 23:10:27","Image Icon","000000000000000AAA"
"00PE0000002QhYAMA0","0","a07E0000006kqzxIAA","000000000000000AAA","225-3127r1.jpg","0","","5716","5426","005E0000001em2EIAQ","2012-12-27 23:11:32","005E0000001em2EIAQ","2012-12-27 23:11:32","005E0000001em2EIAQ","2012-12-27 23:11:32","Image Icon","000000000000000AAA"
"00PE0000002QwK6MAK","0","a07E0000006kqyOIAQ","000000000000000AAA","100 (2).jpg","0","","1280","1035","005E0000001em2EIAQ","2013-01-03 17:40:56","005E0000001em2EIAQ","2013-01-03 17:40:56","005E0000001em2EIAQ","2013-01-03 17:40:56","Image Icon","000000000000000AAA"
"00PE0000002QwVlMAK","0","a07E0000006kqy4IAA","000000000000000AAA","100 (5).jpg","0","","1503","1308","005E0000001em2EIAQ","2013-01-03 17:41:12","005E0000001em2EIAQ","2013-01-03 17:41:12","005E0000001em2EIAQ","2013-01-03 17:41:12","Image Icon","000000000000000AAA"
"00PE0000002RRubMAG","0","01tE0000001cQ41IAE","000000000000000AAA","100.jpg","0","","1923","1760","005E0000001em2EIAQ","2013-01-09 01:47:33","005E0000001em2EIAQ","2013-01-09 01:47:33","005E0000001em2EIAQ","2013-01-09 01:47:33","Image Icon","000000000000000AAA"
"00PE0000002RRv5MAG","0","01tE0000001cQ3wIAE","000000000000000AAA","100.jpg","0","","1923","1760","005E0000001em2EIAQ","2013-01-09 01:57:48","005E0000001em2EIAQ","2013-01-09 01:57:48","005E0000001em2EIAQ","2013-01-09 01:57:48","Image Icon","000000000000000AAA"
"00PE0000002RWSQMA4","0","01tE0000001clw1IAA","000000000000000AAA","A6369157.jpg","0","","6434","6129","005E0000001em2EIAQ","2013-01-10 00:41:05","005E0000001em2EIAQ","2013-01-10 00:41:05","005E0000001em2EIAQ","2013-01-10 00:41:05","Image Icon","000000000000000AAA"
"00PE0000002RWidMAG","0","a07E0000006OsgHIAS","000000000000000AAA","A3024707.jpg","0","","5103","4753","005E0000001em2EIAQ","2013-01-10 06:33:01","005E0000001em2EIAQ","2013-01-10 06:33:01","005E0000001em2EIAQ","2013-01-10 06:33:01","Image Icon","000000000000000AAA"
"00PE0000002RWinMAG","0","01tE0000001bnAjIAI","000000000000000AAA","q4wk07_camera_accessories_180x170.jpg","0","","12668","11297","005E0000001em2EIAQ","2013-01-10 06:36:18","005E0000001em2EIAQ","2013-01-10 06:36:18","005E0000001em2EIAQ","2013-01-10 06:36:18","Image Icon","000000000000000AAA"
"00PE0000002RYlcMAG","0","01tE0000001cQ46IAE","000000000000000AAA","100.jpg","0","","1923","1760","005E0000001em2EIAQ","2013-01-10 17:52:45","005E0000001em2EIAQ","2013-01-10 17:52:45","005E0000001em2EIAQ","2013-01-10 17:52:45","Image Icon","000000000000000AAA"
"00PE0000002Rav0MAC","0","a07E00000082upoIAA","000000000000000AAA","331-0536r1.jpg","0","","15335","14978","005E0000001h3DhIAI","2013-01-11 00:06:10","005E0000001h3DhIAI","2013-01-11 00:25:05","005E0000001h3DhIAI","2013-01-11 00:25:05","Image Icon","000000000000000AAA"
"00PE0000002RaxQMAS","0","a07E00000082upjIAA","000000000000000AAA","hard drive.jpg","0","","23943","23214","005E0000001h3DhIAI","2013-01-11 00:24:05","005E0000001h3DhIAI","2013-01-11 00:24:05","005E0000001h3DhIAI","2013-01-11 00:24:05","Image Icon","000000000000000AAA"
"00PE0000002RaxWMAS","0","a07E00000045hiAIAQ","000000000000000AAA","memory.jpg","0","","22878","22390","005E0000001h3DhIAI","2013-01-11 00:26:38","005E0000001h3DhIAI","2013-01-11 00:26:38","005E0000001h3DhIAI","2013-01-11 00:26:38","Image Icon","000000000000000AAA"
"00PE0000002RfkDMAS","0","a07E00000083IBlIAM","000000000000000AAA","printer.jpg","0","","6016","5703","005E0000001h3DhIAI","2013-01-11 22:15:48","005E0000001h3DhIAI","2013-01-11 22:15:48","005E0000001h3DhIAI","2013-01-11 22:15:48","Image Icon","000000000000000AAA"
"00PE0000002Rg7XMAS","0","a07E00000083IBgIAM","000000000000000AAA","printer.jpg","0","","6016","5703","005E0000001h3DhIAI","2013-01-11 23:00:37","005E0000001h3DhIAI","2013-01-11 23:00:37","005E0000001h3DhIAI","2013-01-11 23:00:37","Image Icon","000000000000000AAA"
"00PE0000002RgkfMAC","0","01tE0000001bnAPIAY","000000000000000AAA","342-5537.jpg","0","","4753","4436","005E0000001em2EIAQ","2013-01-12 16:48:00","005E0000001em2EIAQ","2013-01-12 16:48:00","005E0000001em2EIAQ","2013-01-12 16:48:00","Image Icon","000000000000000AAA"
"00PE0000002RgmkMAC","0","01tE0000001clvrIAA","000000000000000AAA","A3024707.jpg","0","","5103","4753","005E0000001em2EIAQ","2013-01-12 16:59:56","005E0000001em2EIAQ","2013-01-12 16:59:56","005E0000001em2EIAQ","2013-01-12 16:59:56","Image Icon","000000000000000AAA"
"00PE0000002Rh9eMAC","0","01tE0000001clvwIAA","000000000000000AAA","A3756457r1.jpg","0","","5964","5685","005E0000001em2EIAQ","2013-01-12 22:17:35","005E0000001em2EIAQ","2013-01-12 22:17:35","005E0000001em2EIAQ","2013-01-12 22:17:35","Image Icon","000000000000000AAA"
"00PE0000002S1FAMA0","0","a07E00000083aBiIAI","000000000000000AAA","inspironLine.jpg","0","","14759","14528","005E0000001h3DhIAI","2013-01-17 23:54:53","005E0000001h3DhIAI","2013-01-17 23:54:53","005E0000001h3DhIAI","2013-01-17 23:54:53","Image Icon","000000000000000AAA"
"00PE0000002vjt7MAA","0","01tE0000001bn97IAA","000000000000000AAA","A5003281.jpg","0","","9664","9325","005E0000001em2EIAQ","2013-01-23 20:00:55","005E0000001em2EIAQ","2013-01-23 20:00:55","005E0000001em2EIAQ","2013-01-23 20:00:55","Image Icon","000000000000000AAA"
"00PE0000002wpxkMAA","0","a07E000000859cWIAQ","000000000000000AAA","242299155.jpg","0","","2819","2592","005E0000001hSphIAE","2013-02-08 21:34:31","005E0000001hSphIAE","2013-02-08 21:34:31","005E0000001hSphIAE","2013-02-08 21:34:31","Image Icon","000000000000000AAA"
"00PE0000002wqISMAY","0","a07E000000859cHIAQ","000000000000000AAA","242299155.jpg","0","","2819","2592","005E0000001hSphIAE","2013-02-08 21:34:05","005E0000001hSphIAE","2013-02-08 21:34:05","005E0000001hSphIAE","2013-02-08 21:34:05","Image Icon","000000000000000AAA"
"00PE0000002wr9VMAQ","0","a07E000000859cMIAQ","000000000000000AAA","242299155.jpg","0","","2819","2592","005E0000001hSphIAE","2013-02-08 21:34:21","005E0000001hSphIAE","2013-02-08 21:34:21","005E0000001hSphIAE","2013-02-08 21:34:21","Image Icon","000000000000000AAA"
"00PE0000002ws62MAA","0","a07E000000859cbIAA","000000000000000AAA","242299155.jpg","0","","2819","2592","005E0000001hSphIAE","2013-02-08 21:34:52","005E0000001hSphIAE","2013-02-08 21:34:52","005E0000001hSphIAE","2013-02-08 21:34:52","Image Icon","000000000000000AAA"
"00PE0000002xM2VMAU","0","a07E000000859cqIAA","000000000000000AAA","icon1.png","0","","2799","2810","005E0000001em2EIAQ","2013-02-15 17:54:43","005E0000001em2EIAQ","2013-02-15 17:54:43","005E0000001em2EIAQ","2013-02-15 17:54:43","Image Icon","000000000000000AAA"
"00PE0000002xXKIMA2","0","a07E000000859TuIAI","000000000000000AAA","242299155.jpg","0","","2819","2592","005E0000001hSphIAE","2013-02-19 23:49:29","005E0000001hSphIAE","2013-02-19 23:49:29","005E0000001hSphIAE","2013-02-19 23:49:29","Image Icon","000000000000000AAA"
"00PE0000002xXLsMAM","0","a07E000000859TuIAI","000000000000000AAA","242299155.jpg","0","","2819","2592","005E0000001hSphIAE","2013-02-19 22:39:47","005E0000001hSphIAE","2013-02-19 22:39:47","005E0000001hSphIAE","2013-02-19 22:39:47","Image Icon","000000000000000AAA"
"00PE0000002xXQ6MAM","0","a07E000000859TuIAI","000000000000000AAA","242299155.jpg","0","","2819","2592","005E0000001hSphIAE","2013-02-19 22:44:36","005E0000001hSphIAE","2013-02-19 22:44:36","005E0000001hSphIAE","2013-02-19 22:44:36","Image Icon","000000000000000AAA"
"00PE0000002xXhzMAE","0","a07E000000859TuIAI","000000000000000AAA","242299155.jpg","0","","2819","2592","005E0000001hSphIAE","2013-02-19 23:39:37","005E0000001hSphIAE","2013-02-19 23:39:37","005E0000001hSphIAE","2013-02-19 23:39:37","Image Icon","000000000000000AAA"
"00PE0000002xXjHMAU","0","a07E000000859TuIAI","000000000000000AAA","242299155.jpg","0","","2819","2592","005E0000001hSphIAE","2013-02-19 23:47:53","005E0000001hSphIAE","2013-02-19 23:47:53","005E0000001hSphIAE","2013-02-19 23:47:53","Image Icon","000000000000000AAA"
"00PE0000002xYA3MAM","0","a07E000000859clIAA","000000000000000AAA","q4wk06_inspiron_everyday_lp_ct_12.jpg","0","","22117","20679","005E0000001em2EIAQ","2013-02-20 07:56:06","005E0000001em2EIAQ","2013-02-20 09:32:30","005E0000001em2EIAQ","2013-02-20 09:32:30","Image Icon","000000000000000AAA"
"00PE0000002xYBLMA2","0","a07E000000859clIAA","000000000000000AAA","xps.jpg","0","","2289","2052","005E0000001em2EIAQ","2013-02-20 08:33:41","005E0000001em2EIAQ","2013-02-20 09:31:07","005E0000001em2EIAQ","2013-02-20 09:31:07","Image Icon","000000000000000AAA"
"00PE0000002xaRsMAI","0","a07E000000859cbIAA","000000000000000AAA","41rgBRmOHmL (1).jpg","0","","22967","21322","005E0000001hSphIAE","2013-02-20 18:30:20","005E0000001hSphIAE","2013-02-20 18:30:20","005E0000001hSphIAE","2013-02-20 18:30:20","Large Image Icon","000000000000000AAA"
"00PE0000002xaSlMAI","0","a07E000000859TuIAI","000000000000000AAA","41rgBRmOHmL (1).jpg","0","","22967","21322","005E0000001hSphIAE","2013-02-20 18:32:49","005E0000001hSphIAE","2013-02-20 18:32:49","005E0000001hSphIAE","2013-02-20 18:32:49","Image Icon","000000000000000AAA"
"00PE0000002xcP1MAI","0","a07E0000006kqyTIAQ","000000000000000AAA","41rgBRmOHmL (1).jpg","0","","22967","21322","005E0000001hSphIAE","2013-02-21 00:19:22","005E0000001hSphIAE","2013-02-21 00:19:22","005E0000001hSphIAE","2013-02-21 00:19:22","Image Icon","000000000000000AAA"
"00PE0000002xglxMAA","0","a07E000000859cqIAA","000000000000000AAA","414ePH5ZqRL._SL75_.jpg","0","","1519","1486","005E0000001hSphIAE","2013-02-21 20:50:38","005E0000001hSphIAE","2013-02-21 20:50:38","005E0000001hSphIAE","2013-02-21 20:50:38","Large Image Icon","000000000000000AAA"
"00PE0000002xhnfMAA","0","01tE0000001cQ3SIAU","000000000000000AAA","414ePH5ZqRL._SL75_.jpg","0","","1519","1486","005E0000001hSphIAE","2013-02-22 00:26:51","005E0000001hSphIAE","2013-02-22 00:26:51","005E0000001hSphIAE","2013-02-22 00:26:51","Image Icon","000000000000000AAA"
"00PE0000002xho9MAA","0","01tE0000001bnAtIAI","000000000000000AAA","100 (3).jpg","0","","2204","2056","005E0000001em2EIAQ","2013-02-22 00:30:53","005E0000001em2EIAQ","2013-02-22 00:30:53","005E0000001em2EIAQ","2013-02-22 00:30:53","Image Icon","000000000000000AAA"
"00PE0000002xhwIMAQ","0","01tE0000001bn9CIAQ","000000000000000AAA","320-2776r1.jpg","0","","5816","5527","005E0000001hSphIAE","2013-02-22 02:04:05","005E0000001hSphIAE","2013-02-22 03:34:44","005E0000001em2EIAQ","2013-02-22 03:34:44","Image Icon","000000000000000AAA"
"00PE0000002xhxQMAQ","0","a07E00000045hiAIAQ","000000000000000AAA","320-2776r1.jpg","0","","5816","5527","005E0000001em2EIAQ","2013-02-22 02:32:50","005E0000001em2EIAQ","2013-02-22 02:32:50","005E0000001em2EIAQ","2013-02-22 02:32:50","Large Image Icon","000000000000000AAA"
